<?xml version="1.0" encoding="UTF-8"?>
<GenRun Id="impl_1" LaunchPart="xc7a35tcpg236-1" LaunchTime="1715372956">
  <File Type="ROUTE-PWR" Name="Digital_Clock_power_routed.rpt"/>
  <File Type="PA-TCL" Name="Digital_Clock.tcl"/>
  <File Type="BITSTR-MMI" Name="Digital_Clock.mmi"/>
  <File Type="OPT-METHODOLOGY-DRC" Name="Digital_Clock_methodology_drc_opted.rpt"/>
  <File Type="INIT-TIMING" Name="Digital_Clock_timing_summary_init.rpt"/>
  <File Type="ROUTE-PWR-SUM" Name="Digital_Clock_power_summary_routed.pb"/>
  <File Type="REPORTS-TCL" Name="Digital_Clock_reports.tcl"/>
  <File Type="OPT-TIMING" Name="Digital_Clock_timing_summary_opted.rpt"/>
  <File Type="OPT-DCP" Name="Digital_Clock_opt.dcp"/>
  <File Type="OPT-DRC" Name="Digital_Clock_drc_opted.rpt"/>
  <File Type="OPT-HWDEF" Name="Digital_Clock.hwdef"/>
  <File Type="PWROPT-DCP" Name="Digital_Clock_pwropt.dcp"/>
  <File Type="PWROPT-DRC" Name="Digital_Clock_drc_pwropted.rpt"/>
  <File Type="PWROPT-TIMING" Name="Digital_Clock_timing_summary_pwropted.rpt"/>
  <File Type="PLACE-DCP" Name="Digital_Clock_placed.dcp"/>
  <File Type="PLACE-IO" Name="Digital_Clock_io_placed.rpt"/>
  <File Type="PLACE-CLK" Name="Digital_Clock_clock_utilization_placed.rpt"/>
  <File Type="PLACE-UTIL" Name="Digital_Clock_utilization_placed.rpt"/>
  <File Type="PLACE-UTIL-PB" Name="Digital_Clock_utilization_placed.pb"/>
  <File Type="PLACE-CTRL" Name="Digital_Clock_control_sets_placed.rpt"/>
  <File Type="PLACE-SIMILARITY" Name="Digital_Clock_incremental_reuse_placed.rpt"/>
  <File Type="PLACE-PRE-SIMILARITY" Name="Digital_Clock_incremental_reuse_pre_placed.rpt"/>
  <File Type="BG-BIN" Name="Digital_Clock.bin"/>
  <File Type="PLACE-TIMING" Name="Digital_Clock_timing_summary_placed.rpt"/>
  <File Type="POSTPLACE-PWROPT-DCP" Name="Digital_Clock_postplace_pwropt.dcp"/>
  <File Type="BITSTR-MSK" Name="Digital_Clock.msk"/>
  <File Type="POSTPLACE-PWROPT-TIMING" Name="Digital_Clock_timing_summary_postplace_pwropted.rpt"/>
  <File Type="PHYSOPT-DCP" Name="Digital_Clock_physopt.dcp"/>
  <File Type="PHYSOPT-DRC" Name="Digital_Clock_drc_physopted.rpt"/>
  <File Type="BITSTR-RBT" Name="Digital_Clock.rbt"/>
  <File Type="PHYSOPT-TIMING" Name="Digital_Clock_timing_summary_physopted.rpt"/>
  <File Type="ROUTE-ERROR-DCP" Name="Digital_Clock_routed_error.dcp"/>
  <File Type="ROUTE-DCP" Name="Digital_Clock_routed.dcp"/>
  <File Type="ROUTE-BLACKBOX-DCP" Name="Digital_Clock_routed_bb.dcp"/>
  <File Type="ROUTE-DRC" Name="Digital_Clock_drc_routed.rpt"/>
  <File Type="ROUTE-DRC-PB" Name="Digital_Clock_drc_routed.pb"/>
  <File Type="ROUTE-DRC-RPX" Name="Digital_Clock_drc_routed.rpx"/>
  <File Type="ROUTE-METHODOLOGY-DRC" Name="Digital_Clock_methodology_drc_routed.rpt"/>
  <File Type="ROUTE-METHODOLOGY-DRC-RPX" Name="Digital_Clock_methodology_drc_routed.rpx"/>
  <File Type="ROUTE-METHODOLOGY-DRC-PB" Name="Digital_Clock_methodology_drc_routed.pb"/>
  <File Type="ROUTE-PWR-RPX" Name="Digital_Clock_power_routed.rpx"/>
  <File Type="ROUTE-STATUS" Name="Digital_Clock_route_status.rpt"/>
  <File Type="ROUTE-STATUS-PB" Name="Digital_Clock_route_status.pb"/>
  <File Type="ROUTE-TIMINGSUMMARY" Name="Digital_Clock_timing_summary_routed.rpt"/>
  <File Type="ROUTE-TIMING-PB" Name="Digital_Clock_timing_summary_routed.pb"/>
  <File Type="ROUTE-TIMING-RPX" Name="Digital_Clock_timing_summary_routed.rpx"/>
  <File Type="ROUTE-SIMILARITY" Name="Digital_Clock_incremental_reuse_routed.rpt"/>
  <File Type="ROUTE-CLK" Name="Digital_Clock_clock_utilization_routed.rpt"/>
  <File Type="ROUTE-BUS-SKEW" Name="Digital_Clock_bus_skew_routed.rpt"/>
  <File Type="ROUTE-BUS-SKEW-PB" Name="Digital_Clock_bus_skew_routed.pb"/>
  <File Type="ROUTE-BUS-SKEW-RPX" Name="Digital_Clock_bus_skew_routed.rpx"/>
  <File Type="POSTROUTE-PHYSOPT-DCP" Name="Digital_Clock_postroute_physopt.dcp"/>
  <File Type="POSTROUTE-PHYSOPT-BLACKBOX-DCP" Name="Digital_Clock_postroute_physopt_bb.dcp"/>
  <File Type="POSTROUTE-PHYSOPT-TIMING" Name="Digital_Clock_timing_summary_postroute_physopted.rpt"/>
  <File Type="POSTROUTE-PHYSOPT-TIMING-PB" Name="Digital_Clock_timing_summary_postroute_physopted.pb"/>
  <File Type="POSTROUTE-PHYSOPT-TIMING-RPX" Name="Digital_Clock_timing_summary_postroute_physopted.rpx"/>
  <File Type="POSTROUTE-PHYSOPT-BUS-SKEW" Name="Digital_Clock_bus_skew_postroute_physopted.rpt"/>
  <File Type="BG-BIT" Name="Digital_Clock.bit"/>
  <File Type="POSTROUTE-PHYSOPT-BUS-SKEW-PB" Name="Digital_Clock_bus_skew_postroute_physopted.pb"/>
  <File Type="POSTROUTE-PHYSOPT-BUS-SKEW-RPX" Name="Digital_Clock_bus_skew_postroute_physopted.rpx"/>
  <File Type="BITSTR-NKY" Name="Digital_Clock.nky"/>
  <File Type="BITSTR-BMM" Name="Digital_Clock_bd.bmm"/>
  <File Type="PDI-FILE" Name="Digital_Clock.pdi"/>
  <File Type="RCFI_FILE" Name="Digital_Clock.rcfi"/>
  <File Type="CFI_FILE" Name="Digital_Clock.cfi"/>
  <File Type="RNPI_FILE" Name="Digital_Clock.rnpi"/>
  <File Type="NPI_FILE" Name="Digital_Clock.npi"/>
  <File Type="RBD_FILE" Name="Digital_Clock.rbd"/>
  <File Type="BITSTR-LTX" Name="debug_nets.ltx"/>
  <File Type="BITSTR-LTX" Name="Digital_Clock.ltx"/>
  <File Type="BITSTR-SYSDEF" Name="Digital_Clock.sysdef"/>
  <File Type="BG-BGN" Name="Digital_Clock.bgn"/>
  <File Type="BG-DRC" Name="Digital_Clock.drc"/>
  <File Type="RDI-RDI" Name="Digital_Clock.vdi"/>
  <File Type="WBT-USG" Name="usage_statistics_webtalk.html"/>
  <File Type="ROUTE-RQS" Name="Digital_Clock_routed.rqs"/>
  <File Type="POSTROUTE-PHYSOPT-RQS" Name="Digital_Clock_postroute_physopted.rqs"/>
  <File Type="ROUTE-RQS-RPT" Name="route_report_qor_suggestions_0.rpt"/>
  <File Type="POSTROUTE-PHYSOPT-RQS-RPT" Name="postroute_physopt_report_qor_suggestions_0.rpt"/>
  <FileSet Name="sources" Type="DesignSrcs" RelSrcDir="$PSRCDIR/sources_1" RelGenDir="$PGENDIR/sources_1">
    <Filter Type="Srcs"/>
    <File Path="$PSRCDIR/sources_1/new/Pushbutton_Detector.v">
      <FileInfo>
        <Attr Name="UsedIn" Val="synthesis"/>
        <Attr Name="UsedIn" Val="implementation"/>
        <Attr Name="UsedIn" Val="simulation"/>
      </FileInfo>
    </File>
    <File Path="$PSRCDIR/sources_1/new/Sev_segment_display.v">
      <FileInfo>
        <Attr Name="UsedIn" Val="synthesis"/>
        <Attr Name="UsedIn" Val="implementation"/>
        <Attr Name="UsedIn" Val="simulation"/>
      </FileInfo>
    </File>
    <File Path="$PSRCDIR/sources_1/new/clock_divder.v">
      <FileInfo>
        <Attr Name="UsedIn" Val="synthesis"/>
        <Attr Name="UsedIn" Val="implementation"/>
        <Attr Name="UsedIn" Val="simulation"/>
      </FileInfo>
    </File>
    <File Path="$PSRCDIR/sources_1/new/debouncer.v">
      <FileInfo>
        <Attr Name="UsedIn" Val="synthesis"/>
        <Attr Name="UsedIn" Val="implementation"/>
        <Attr Name="UsedIn" Val="simulation"/>
      </FileInfo>
    </File>
    <File Path="$PSRCDIR/sources_1/new/ex1_Rising_Edge_Detector.v">
      <FileInfo>
        <Attr Name="UsedIn" Val="synthesis"/>
        <Attr Name="UsedIn" Val="implementation"/>
        <Attr Name="UsedIn" Val="simulation"/>
      </FileInfo>
    </File>
    <File Path="$PSRCDIR/sources_1/new/n_bit_counter.v">
      <FileInfo>
        <Attr Name="UsedIn" Val="synthesis"/>
        <Attr Name="UsedIn" Val="implementation"/>
        <Attr Name="UsedIn" Val="simulation"/>
      </FileInfo>
    </File>
    <File Path="$PSRCDIR/sources_1/new/secounds_mintues_counter.v">
      <FileInfo>
        <Attr Name="UsedIn" Val="synthesis"/>
        <Attr Name="UsedIn" Val="implementation"/>
        <Attr Name="UsedIn" Val="simulation"/>
      </FileInfo>
    </File>
    <File Path="$PSRCDIR/sources_1/new/synchronizer.v">
      <FileInfo>
        <Attr Name="UsedIn" Val="synthesis"/>
        <Attr Name="UsedIn" Val="implementation"/>
        <Attr Name="UsedIn" Val="simulation"/>
      </FileInfo>
    </File>
    <File Path="$PSRCDIR/sources_1/new/Digital_Clock.v">
      <FileInfo>
        <Attr Name="UsedIn" Val="synthesis"/>
        <Attr Name="UsedIn" Val="implementation"/>
        <Attr Name="UsedIn" Val="simulation"/>
      </FileInfo>
    </File>
    <File Path="$PSRCDIR/sources_1/new/Modulo_10counter.v">
      <FileInfo>
        <Attr Name="AutoDisabled" Val="1"/>
        <Attr Name="UsedIn" Val="synthesis"/>
        <Attr Name="UsedIn" Val="implementation"/>
        <Attr Name="UsedIn" Val="simulation"/>
      </FileInfo>
    </File>
    <File Path="$PSRCDIR/sources_1/new/module_6counter.v">
      <FileInfo>
        <Attr Name="AutoDisabled" Val="1"/>
        <Attr Name="UsedIn" Val="synthesis"/>
        <Attr Name="UsedIn" Val="implementation"/>
        <Attr Name="UsedIn" Val="simulation"/>
      </FileInfo>
    </File>
    <File Path="$PSRCDIR/sources_1/new/Alarm_Counter.v">
      <FileInfo>
        <Attr Name="AutoDisabled" Val="1"/>
        <Attr Name="UsedIn" Val="synthesis"/>
        <Attr Name="UsedIn" Val="implementation"/>
        <Attr Name="UsedIn" Val="simulation"/>
      </FileInfo>
    </File>
    <Config>
      <Option Name="DesignMode" Val="RTL"/>
      <Option Name="TopModule" Val="Digital_Clock"/>
      <Option Name="TopAutoSet" Val="TRUE"/>
    </Config>
  </FileSet>
  <FileSet Name="constrs_in" Type="Constrs" RelSrcDir="$PSRCDIR/constrs_1">
    <Filter Type="Constrs"/>
    <File Path="$PSRCDIR/constrs_1/new/Digital_Clock_constraint.xdc">
      <FileInfo>
        <Attr Name="UsedIn" Val="synthesis"/>
        <Attr Name="UsedIn" Val="implementation"/>
      </FileInfo>
    </File>
    <Config>
      <Option Name="TargetConstrsFile" Val="$PSRCDIR/constrs_1/new/Digital_Clock_constraint.xdc"/>
      <Option Name="ConstrsType" Val="XDC"/>
    </Config>
  </FileSet>
  <FileSet Name="utils" Type="Utils" RelSrcDir="$PSRCDIR/utils_1">
    <Filter Type="Utils"/>
    <File Path="$PSRCDIR/utils_1/imports/synth_1/Pushbutton_Detector.dcp">
      <FileInfo>
        <Attr Name="UsedIn" Val="synthesis"/>
        <Attr Name="UsedIn" Val="implementation"/>
        <Attr Name="UsedInSteps" Val="synth_1"/>
        <Attr Name="AutoDcp" Val="1"/>
      </FileInfo>
    </File>
    <Config>
      <Option Name="TopAutoSet" Val="TRUE"/>
    </Config>
  </FileSet>
  <Strategy Version="1" Minor="2">
    <StratHandle Name="Vivado Implementation Defaults" Flow="Vivado Implementation 2022"/>
    <Step Id="init_design"/>
    <Step Id="opt_design"/>
    <Step Id="power_opt_design"/>
    <Step Id="place_design"/>
    <Step Id="post_place_power_opt_design"/>
    <Step Id="phys_opt_design"/>
    <Step Id="route_design"/>
    <Step Id="post_route_phys_opt_design"/>
    <Step Id="write_bitstream"/>
  </Strategy>
</GenRun>
